use flight_tracking;

-- Location
insert into location (locID) values
('plane_1'),
('plane_2'),
('plane_3'),
('plane_4'),
('plane_5'),
('plane_6'),
('plane_7'),
('plane_8'),
('plane_9'),
('plane_10'),
('plane_11'),
('plane_12'),
('plane_13'),
('plane_14'),
('plane_15'),
('plane_16'),
('plane_17'),
('plane_18'),
('plane_19'),
('plane_20'),
('plane_21'),
('plane_22'),
('plane_23'),
('plane_24'),
('plane_25'),
('plane_26'),
('plane_27'),
('port_1'),
('port_2'),
('port_3'),
('port_4'),
('port_5'),
('port_6'),
('port_7'),
('port_8'),
('port_9'),
('port_10'),
('port_11'),
('port_12'),
('port_13'),
('port_14'),
('port_15'),
('port_16'),
('port_17'),
('port_18'),
('port_19'),
('port_20'),
('port_21'),
('port_22'),
('port_23');

-- Route
insert into route (routeID) values
('americas_hub_exchange'),
('americas_one'),
('americas_two'),
('americas_three'),
('big_europe_loop'),
('euro_north'),
('euro_south'),
('germany_local'),
('pacific_rim_tour'),
('south_euro_loop'),
('texas_local');

-- Airline
insert into airline (airlineID, revenue) values
('Delta', 53000),
('United', 48000),
('British Airways', 24000),
('Lufthansa', 35000),
('Air France', 29000),
('KLM', 29000),
('Ryanair', 10000),
('Japan Airlines', 9000),
('China Southern Airlines', 14000),
('Korean Air Lines', 10000),
('American', 52000);

-- Airplane
insert into airplane (airlineID, tail_num, seat_capacity, speed, locationID) values
('Delta', 'n106js', 4, 800, 'plane_1'),
('Delta', 'n110jn', 5, 800, 'plane_2'),
('Delta', 'n127js', 4, 600, 'plane_3'),
('United', 'n330ss', 4, 800, 'plane_4'),
('United', 'n380sd', 5, 400, 'plane_5'),
('British Airways', 'n616lt', 7, 600, 'plane_6'),
('British Airways', 'n517ly', 4, 600, 'plane_7'),
('Lufthansa', 'n620la', 4, 800, 'plane_8'),
('Lufthansa', 'n401fj', 4, 300, 'plane_9'),
('Lufthansa', 'n653fk', 6, 600, 'plane_10'),
('Air France', 'n118fm', 4, 400, 'plane_11'),
('Air France', 'n815pw', 3, 400, 'plane_12'),
('KLM', 'n161fk', 4, 600, 'plane_13'),
('KLM', 'n337as', 5, 400, 'plane_14'),
('KLM', 'n256ap', 4, 300, 'plane_15'),
('Ryanair', 'n156sq', 8, 600, 'plane_16'),
('Ryanair', 'n451fi', 5, 600, 'plane_17'),
('Ryanair', 'n341eb', 4, 400, 'plane_18'),
('Ryanair', 'n353kz', 4, 400, 'plane_19'),
('Japan Airlines', 'n305fv', 6, 400, 'plane_20'),
('Japan Airlines', 'n443wu', 4, 800, 'plane_21'),
('China Southern Airlines', 'n454gq', 3, 400, 'plane_22'),
('China Southern Airlines', 'n249yk', 4, 400, 'plane_23'),
('Korean Air Lines', 'n180co', 5, 600, 'plane_24'),
('American', 'n448cs', 4, 400, 'plane_25'),
('American', 'n225sb', 8, 800, 'plane_26'),
('American', 'n553qn', 5, 800, 'plane_27');

-- Prop
insert into prop (airlineID, tail_num, skids, num_props) values
('Air France', 'n118fm', FALSE, 2),
('KLM', 'n256ap', FALSE, 2),
('Ryanair', 'n341eb', TRUE, 2),
('Ryanair', 'n353kz', TRUE, 2),
('China Southern Airlines', 'n249yk', FALSE, 2),
('American', 'n448cs', TRUE, 2);

-- Jet
insert into jet (airlineID, tail_num, num_engines) values
('Delta', 'n106js', 2),
('Delta', 'n110jn', 2),
('Delta', 'n127js', 4),
('United', 'n330ss', 2),
('United', 'n380sd', 2),
('British Airways', 'n616lt', 2),
('British Airways', 'n517ly', 2),
('Lufthansa', 'n620la', 4),
('Lufthansa', 'n653fk', 2),
('Air France', 'n815pw', 2),
('KLM', 'n161fk', 4),
('KLM', 'n337as', 2),
('Ryanair', 'n156sq', 2),
('Ryanair', 'n451fi', 4),
('Japan Airlines', 'n305fv', 2),
('Japan Airlines', 'n443wu', 4),
('Korean Air Lines', 'n180co', 2),
('American', 'n225sb', 2),
('American', 'n553qn', 2);

-- Flight
insert into flight (flightID, route, airline, airplane, progress, flight_status, next_time, cost) values
('dl_10', 'americas_one', 'Delta', 'n106js', 1, 'in_flight', '08:00:00', 200),
('un_38', 'americas_three', 'United', 'n380sd', 2, 'in_flight', '14:30:00', 200),
('ba_61', 'americas_two', 'British Airways', 'n616lt', 0, 'on_ground', '09:30:00', 200),
('lf_20', 'euro_north', 'Lufthansa', 'n620la', 3, 'in_flight', '11:00:00', 300),
('km_16', 'euro_south', 'KLM', 'n161fk', 6, 'in_flight', '14:00:00', 400),
('ba_51', 'big_europe_loop', 'British Airways', 'n517ly', 0, 'on_ground', '11:30:00', 100),
('ja_35', 'pacific_rim_tour', 'Japan Airlines', 'n305fv', 1, 'in_flight', '09:30:00', 300),
('ry_34', 'germany_local', 'Ryanair', 'n341eb', 0, 'on_ground', '15:00:00', 100);

-- Person
insert into person (personID, fname, lname, current_location) values
(15, 'Matt', 'Hunt', 'port_10'),
(18, 'Esther', 'Pittman', 'port_10'),
(1, 'Jeanne', 'Nelson', 'port_1'),
(11, 'Sandra', 'Cruz', 'port_3'),
(19, 'Doug', 'Fowler', 'port_17'),
(7, 'Sonya', 'Owens', 'port_2'),
(14, 'Dana', 'Perry', 'port_3'),
(13, 'Bryant', 'Figueroa', 'port_3'),
(20, 'Thomas', 'Olson', 'port_17'),
(16, 'Edna', 'Brown', 'port_10'),
(12, 'Dan', 'Ball', 'port_3'),
(8, 'Bennie', 'Palmer', 'port_2'),
(6, 'Randal', 'Parks', 'port_1'),
(3, 'Tanya', 'Nguyen', 'port_1'),
(10, 'Lawrence', 'Morgan', 'port_3'),
(4, 'Kendra', 'Jacobs', 'port_1'),
(2, 'Roxanne', 'Byrd', 'port_1'),
(17, 'Ruby', 'Burgess', 'port_10'),
(5, 'Jeff', 'Burton', 'port_1'),
(9, 'Marlene', 'Warner', 'port_3'),
(21, 'Mona', 'Harrison', 'plane_1'),
(22, 'Arlene', 'Massey', 'plane_1'),
(23, 'Judith', 'Patrick', 'plane_1'),
(24, 'Reginald', 'Rhodes', 'plane_5'),
(25, 'Vincent', 'Garcia', 'plane_5'),
(26, 'Cheryl', 'Moore', 'plane_5'),
(27, 'Michael', 'Rivera', 'plane_8'),
(28, 'Luther', 'Matthews', 'plane_8'),
(29, 'Moses', 'Parks', 'plane_13'),
(30, 'Ora', 'Steele', 'plane_13'),
(31, 'Antonio', 'Flores', 'plane_13'),
(32, 'Glenn', 'Ross', 'plane_13'),
(33, 'Irma', 'Thomas', 'plane_20'),
(34, 'Ann', 'Maldonado', 'plane_20'),
(35, 'Jeffrey', 'Cruz', 'port_12'),
(36, 'Sonya', 'Price', 'port_12'),
(37, 'Tracy', 'Hale', 'port_12'),
(38, 'Albert', 'Simmons', 'port_14'),
(39, 'Karen', 'Terry', 'port_15'),
(40, 'Glen', 'Kelley', 'port_20'),
(41, 'Brooke', 'Little', 'port_3'),
(42, 'Daryl', 'Nguyen', 'port_4'),
(43, 'Judy', 'Willis', 'port_14'),
(44, 'Marco', 'Klein', 'port_15'),
(45, 'Angelica', 'Hampton', 'port_16');

-- Pilot
insert into pilot (personID, taxID, experience, current_flight, has_jet_license, has_prop_license, has_test_license) values
(15, '153-47-8101', 30, 'ja_35', TRUE, TRUE, TRUE),
(18, '250-86-2784', 23, NULL, TRUE, FALSE, FALSE),
(1, '330-12-6907', 31, 'dl_10', TRUE, FALSE, FALSE),
(11, '369-22-9505', 22, 'km_16', TRUE, TRUE, FALSE),
(19, '386-39-7881', 2, NULL, TRUE, FALSE, FALSE),
(7, '450-25-5617', 13, 'lf_20', TRUE, TRUE, TRUE),
(14, '454-71-7847', 13, 'km_16', TRUE, FALSE, FALSE),
(13, '513-40-4168', 24, 'km_16', TRUE, FALSE, FALSE),
(20, '522-44-3098', 28, NULL, TRUE, FALSE, FALSE),
(16, '598-47-5172', 28, 'ja_35', TRUE, FALSE, FALSE),
(12, '680-92-5329', 24, 'ry_34', FALSE, TRUE, FALSE),
(8, '701-38-2179', 12, 'ry_34', FALSE, TRUE, FALSE),
(6, '707-84-4555', 38, 'ba_61', TRUE, TRUE, FALSE),
(3, '750-24-7616', 11, 'un_38', TRUE, FALSE, FALSE),
(10, '769-60-1266', 15, 'lf_20', TRUE, FALSE, FALSE),
(4, '776-21-8098', 24, 'un_38', TRUE, TRUE, FALSE),
(2, '842-88-1257', 9, 'dl_10', TRUE, TRUE, FALSE),
(17, '865-71-6800', 36, NULL, TRUE, TRUE, FALSE),
(5, '933-93-2165', 27, 'ba_61', TRUE, FALSE, FALSE),
(9, '936-44-6941', 13, 'lf_20', TRUE, TRUE, TRUE);

-- Passenger
insert into passenger (personID, miles, funds) values
(21, 771, 700),
(22, 374, 200),
(23, 414, 400),
(24, 292, 500),
(25, 390, 300),
(26, 302, 600),
(27, 470, 400),
(28, 208, 400),
(29, 292, 700),
(30, 686, 500),
(31, 547, 400),
(32, 257, 500),
(33, 564, 600),
(34, 211, 200),
(35, 233, 500),
(36, 293, 400),
(37, 552, 700),
(38, 812, 700),
(39, 541, 400),
(40, 441, 700),
(41, 875, 300),
(42, 691, 500),
(43, 572, 300),
(44, 572, 500),
(45, 663, 500);

-- Airport
 insert into airport(airportID, full_name, city, state, country, locationID) values
('ATL', 'Atlanta Hartsfield-Jackson International', 'Atlanta', 'Georgia', 'USA', 'port_1'),
('DXB', 'Dubai International', 'Dubai', 'Al Garhoud', 'UAE', 'port_2'),
('HND', 'Tokyo International Haneda', 'Ota City', 'Tokyo', 'JPN', 'port_3'),
('LHR', 'London Heathrow', 'London', 'England', 'GBR', 'port_4'),
('IST', 'Istanbul International', 'Arnavutkoy', 'Istanbul ', 'TUR', 'port_5'),
('DFW', 'Dallas-Fort Worth International', 'Dallas', 'Texas', 'USA', 'port_6'),
('CAN', 'Guangzhou International', 'Guangzhou', 'Guangdong', 'CHN', 'port_7'),
('DEN', 'Denver International', 'Denver', 'Colorado', 'USA', 'port_8'),
('LAX', 'Los Angeles International', 'Los Angeles', 'California', 'USA', 'port_9'),
('ORD', concat('O', char(39), 'Hare International'), 'Chicago', 'Illinois', 'USA', 'port_10'),
('AMS', 'Amsterdam Schipol International', 'Amsterdam', 'Haarlemmermeer', 'NLD', 'port_11'),
('CDG', 'Paris Charles de Gaulle', 'Roissy-en-France', 'Paris', 'FRA', 'port_12'),
('FRA', 'Frankfurt International', 'Frankfurt', 'Frankfurt_Rhine_Main', 'DEU', 'port_13'),
('MAD', 'Madrid Adolfo Suarez_Barajas', 'Madrid', 'Barajas', 'ESP', 'port_14'),
('BCN', 'Barcelona International', 'Barcelona', 'Catalonia', 'ESP', 'port_15'),
('FCO', 'Rome Fiumicino', 'Fiumicino', 'Lazio', 'ITA', 'port_16'),
('LGW', 'London Gatwick', 'London', 'England', 'GBR', 'port_17'),
('MUC', 'Munich International', 'Munich', 'Bavaria', 'DEU', 'port_18'),
('MDW', 'Chicago Midway International', 'Chicago', 'Illinois', 'USA', 'port_19'),
('IAH', 'George Bush Intercontinental', 'Houston', 'Texas', 'USA', 'port_20'),
('HOU', 'William P. Hobby International', 'Houston', 'Texas', 'USA', 'port_21'),
('NRT', 'Narita International', 'Narita', 'Chiba', 'JPN', 'port_22'),
('BER', 'Berlin Brandenburg Willy Brandt International', 'Berlin', 'Schonefeld', 'DEU', 'port_23');

-- Leg
insert into leg (legID, distance, start_airport, end_airport) values
(4, 400, 'ATL', 'ORD'),
(2, 3900, 'ATL', 'AMS'), 
(1, 400, 'AMS', 'BER'),
(31, 3700, 'ORD', 'CDG'), 
(14, 400, 'CDG', 'MUC'),
(3, 3700, 'ATL', 'LHR'), 
(22, 600, 'LHR', 'BER'),
(23, 500, 'LHR', 'MUC'), 
(29, 400, 'MUC', 'FCO'), 
(16, 800, 'FCO', 'MAD'),
(25, 600, 'MAD', 'CDG'), 
(13, 200, 'CDG', 'LHR'),
(27, 300, 'MUC', 'BER'), 
(8, 600, 'BER', 'LGW'),
(21, 600, 'LGW', 'BER'), 
(28, 400, 'MUC', 'CDG'), 
(11, 500, 'CDG', 'BCN'), 
(6, 300, 'BCN', 'MAD'), 
(26, 800, 'MAD', 'FCO'),
(9, 300, 'BER', 'MUC'), 
(30, 200, 'MUC', 'FRA'), 
(17, 300, 'FRA', 'BER'),
(7, 4700, 'BER', 'CAN'), 
(10, 1600, 'CAN', 'HND'), 
(18, 100, 'HND', 'NRT'),
(24, 300, 'MAD', 'BCN'), 
(5, 500, 'BCN', 'CDG'), 
(12, 600, 'CDG', 'FCO'),
(15, 200, 'DFW', 'IAH'), 
(20, 100, 'IAH', 'HOU'), 
(19, 300, 'HOU', 'DFW');

-- Vacation
insert into vacation (personID, destination_airport, sequence_number) values
(21, 'AMS', 1),
(22, 'AMS', 1),
(23, 'BER', 1),
(24, 'MUC', 1),
(24, 'CDG', 2),
(25, 'MUC', 1),
(26, 'MUC', 1),
(27, 'BER', 1),
(28, 'LGW', 1),
(29, 'FCO', 1),
(29, 'LHR', 2),
(30, 'FCO', 1),
(30, 'MAD', 2),
(31, 'FCO', 1),
(32, 'FCO', 1),
(33, 'CAN', 1),
(34, 'HND', 1),
(35, 'LGW', 1),
(36, 'FCO', 1),
(37, 'FCO', 1),
(37, 'LGW', 2),
(37, 'CDG', 3),
(38, 'MUC', 1),
(39, 'MUC', 1),
(40, 'HND', 1);

-- Routes_contain
insert into routes_contain (route, leg, sequence_number) values
('americas_hub_exchange', 4, 1),
('americas_one', 2, 1),
('americas_one', 1, 2),
('americas_three', 31, 1),
('americas_three', 14, 2),
('americas_two', 3, 1),
('americas_two', 22, 3),
('big_europe_loop', 23, 1),
('big_europe_loop', 29, 2),
('big_europe_loop', 16, 3),
('big_europe_loop', 25, 4),
('big_europe_loop', 13, 5),
('euro_north', 16, 1),
('euro_north', 24, 2),
('euro_north', 5, 3),
('euro_north', 14, 4),
('euro_north', 27, 5),
('euro_north', 8, 6),
('euro_south', 21, 1),
('euro_south', 9, 2),
('euro_south', 28, 3),
('euro_south', 11, 4),
('euro_south', 6, 5),
('euro_south', 26, 6),
('germany_local', 9, 1),
('germany_local', 30, 2),
('germany_local', 17, 3),
('pacific_rim_tour', 7, 1),
('pacific_rim_tour', 10, 2),
('pacific_rim_tour', 18, 3),
('south_euro_loop', 16, 1),
('south_euro_loop', 24, 2),
('south_euro_loop', 5, 3),
('south_euro_loop', 12, 4),
('texas_local', 15, 1),
('texas_local', 20, 2),
('texas_local', 19, 3);